{
  "baseline": {
    "rmse": 0.011069095693528652,
    "mae": 0.008212123066186905,
    "directional_accuracy": 0.4908616187989556,
    "sharpe": -0.32345768005267816
  },
  "cnn_lstm": {
    "rmse": 0.011401794850826263,
    "mae": 0.008485077880322933,
    "directional_accuracy": 0.4751958224543081,
    "sharpe": -1.4406925102585426
  },
  "dalg": {
    "rmse": 0.011025430634617805,
    "mae": 0.008096568286418915,
    "directional_accuracy": 0.5169712793733682,
    "sharpe": -0.8465572340712902
  }
}